"Entity","Code","Year","Share.of.youth.not.in.education..employment.or.training..total....of.youth.population.","pop_15_24"
"Afghanistan","AFG",2014,35.06,6914571
"Afghanistan","AFG",2017,42.84,7704034
"Afghanistan","AFG",2020,53.76,8444268
"Afghanistan","AFG",2021,62.81,8621571
"Albania","ALB",2002,41.8,548992
"Albania","ALB",2005,35.19,546133
"Albania","ALB",2007,33.77,541699
"Albania","ALB",2008,28.17,538437
"Albania","ALB",2009,30.73,535610
"Albania","ALB",2010,29.72,533728
"Albania","ALB",2011,30.01,534009
"Albania","ALB",2012,27.65,533946
"Albania","ALB",2013,30.98,529563
"Albania","ALB",2014,31.39,521255
"Albania","ALB",2015,29.82,510350
"Albania","ALB",2016,27.39,498405
"Albania","ALB",2017,26.23,483744
"Albania","ALB",2018,26.61,466192
"Albania","ALB",2019,25.82,446792
"Algeria","DZA",2009,25.45,7388090
"Algeria","DZA",2010,24.53,7289933
"Algeria","DZA",2011,26,7169185
"Algeria","DZA",2012,22.7,7028903
"Algeria","DZA",2013,21.5,6851537
"Algeria","DZA",2014,22.8,6653125
"Algeria","DZA",2015,21.2,6474768
"Algeria","DZA",2017,20.95,6184753
"Angola","AGO",2004,30.96,3518406
"Angola","AGO",2009,25.81,4268713
"Angola","AGO",2011,10.01,4579102
"Angola","AGO",2014,30.62,5054014
"Angola","AGO",2019,23.06,5971699
"Angola","AGO",2021,21.69,6430419
"Argentina","ARG",2004,20.98,6610228
"Argentina","ARG",2005,19.87,6638978
"Argentina","ARG",2006,19.51,6676566
"Argentina","ARG",2008,19.42,6772277
"Argentina","ARG",2009,20.04,6830247
"Argentina","ARG",2010,19.46,6887844
"Argentina","ARG",2011,18.4,6936689
"Argentina","ARG",2012,18.41,6972464
"Argentina","ARG",2013,19.07,6996864
"Argentina","ARG",2014,19.67,7016763
"Argentina","ARG",2017,19.25,7019766
"Argentina","ARG",2018,19.02,7002858
"Argentina","ARG",2019,19.23,6981049
"Argentina","ARG",2020,22.33,6965105
"Argentina","ARG",2021,16.12,6960614
"Armenia","ARM",2009,40.52,564481
"Armenia","ARM",2011,44.6,519176
"Armenia","ARM",2012,36.77,497268
"Armenia","ARM",2013,44.37,474142
"Armenia","ARM",2014,38.03,449437
"Armenia","ARM",2015,35.56,422384
"Armenia","ARM",2016,36.58,394708
"Armenia","ARM",2017,36.59,371312
"Armenia","ARM",2018,29.52,355563
"Armenia","ARM",2019,26.04,345999
"Armenia","ARM",2020,26.08,339160
"Armenia","ARM",2021,23.49,334235
"Aruba","ABW",2010,16.56,12744
"Australia","AUS",2009,11.4,3049601
"Australia","AUS",2010,11.32,3077545
"Australia","AUS",2011,10.59,3088899
"Australia","AUS",2012,9.91,3106470
"Australia","AUS",2013,11.02,3128826
"Australia","AUS",2014,10.09,3148030
"Australia","AUS",2015,9.8,3165680
"Australia","AUS",2016,8.69,3189684
"Australia","AUS",2017,8.94,3218862
"Austria","AUT",2004,9.64,1002204
"Austria","AUT",2005,11.84,1014198
"Austria","AUT",2006,11.22,1018015
"Austria","AUT",2007,10.71,1018486
"Austria","AUT",2008,10.37,1020577
"Austria","AUT",2009,11.73,1021645
"Austria","AUT",2010,10.79,1019724
"Austria","AUT",2011,10.56,1018050
"Austria","AUT",2012,10.16,1018539
"Austria","AUT",2013,10.34,1016765
"Austria","AUT",2014,10.76,1012174
"Austria","AUT",2015,11.04,1014773
"Austria","AUT",2016,10.91,1013249
"Austria","AUT",2017,10.45,998409
"Austria","AUT",2018,10.42,979800
"Austria","AUT",2019,11.01,962699
"Austria","AUT",2020,11.42,948917
"Austria","AUT",2021,12.26,936991
"Azerbaijan","AZE",2009,9.4,1847631
"Azerbaijan","AZE",2010,9.64,1835785
"Bangladesh","BGD",2005,30.99,29913392
"Bangladesh","BGD",2006,32.26,30064482
"Bangladesh","BGD",2010,30.06,30264695
"Bangladesh","BGD",2013,32.04,30927717
"Bangladesh","BGD",2016,28.88,31900151
"Bangladesh","BGD",2017,27.39,32248408
"Barbados","BRB",2016,28.99,37130
"Belarus","BLR",2009,12.08,1427314
"Belarus","BLR",2016,0.48,1028787
"Belarus","BLR",2017,0.38,986399
"Belarus","BLR",2018,0.54,953005
"Belarus","BLR",2019,9.25,923482
"Belarus","BLR",2020,9.18,896206
"Belarus","BLR",2021,7.73,881127
"Belgium","BEL",2004,8.55,1258493
"Belgium","BEL",2005,13.02,1265364
"Belgium","BEL",2006,11.24,1275159
"Belgium","BEL",2007,11.16,1286593
"Belgium","BEL",2008,10.14,1298724
"Belgium","BEL",2009,11.08,1311434
"Belgium","BEL",2010,10.86,1325592
"Belgium","BEL",2011,11.81,1335253
"Belgium","BEL",2012,12.35,1337940
"Belgium","BEL",2013,12.68,1334734
"Belgium","BEL",2014,12.05,1327473
"Belgium","BEL",2015,12.18,1325034
"Belgium","BEL",2016,9.89,1320121
"Belgium","BEL",2017,9.32,1308877
"Belgium","BEL",2018,9.15,1302720
"Belgium","BEL",2019,9.25,1305294
"Belgium","BEL",2020,9.21,1311554
"Belgium","BEL",2021,7.42,1317562
"Belize","BLZ",2012,11.95,68620
"Belize","BLZ",2013,27.93,70253
"Belize","BLZ",2014,27.79,71845
"Belize","BLZ",2015,27.68,73379
"Belize","BLZ",2016,27.38,75047
"Belize","BLZ",2017,27.38,76485
"Belize","BLZ",2019,24.88,77373
"Belize","BLZ",2021,30.25,77594
"Benin","BEN",2011,17.23,1998011
"Benin","BEN",2018,35.1,2415626
"Bermuda","BMU",2010,6.79,6947
"Bhutan","BTN",2018,15.19,148963
"Bhutan","BTN",2019,10.41,147308
"Bhutan","BTN",2020,11.97,145880
"Bhutan","BTN",2021,9.56,144563
"Bolivia","BOL",1999,13.35,1633440
"Bolivia","BOL",2000,14.37,1660558
"Bolivia","BOL",2001,22.93,1688625
"Bolivia","BOL",2002,21.38,1720483
"Bolivia","BOL",2004,13.08,1797097
"Bolivia","BOL",2005,12.08,1838925
"Bolivia","BOL",2006,10.79,1882184
"Bolivia","BOL",2007,11.02,1925065
"Bolivia","BOL",2008,9.69,1965757
"Bolivia","BOL",2009,9.18,2003863
"Bolivia","BOL",2011,10.85,2073234
"Bolivia","BOL",2012,10.41,2102933
"Bolivia","BOL",2013,10.45,2128400
"Bolivia","BOL",2014,11.16,2151369
"Bolivia","BOL",2015,14.56,2171384
"Bolivia","BOL",2016,10.79,2186980
"Bolivia","BOL",2017,11.58,2199908
"Bolivia","BOL",2018,10.83,2212613
"Bolivia","BOL",2019,10.24,2225258
"Bolivia","BOL",2020,13.7,2238407
"Bolivia","BOL",2021,10.98,2253431
"Bosnia and Herzegovina","BIH",2001,32.45,744839
"Bosnia and Herzegovina","BIH",2006,35.49,645676
"Bosnia and Herzegovina","BIH",2007,32.36,617267
"Bosnia and Herzegovina","BIH",2008,27.37,580462
"Bosnia and Herzegovina","BIH",2009,26.63,541565
"Bosnia and Herzegovina","BIH",2010,28.73,504650
"Bosnia and Herzegovina","BIH",2011,28.3,472645
"Bosnia and Herzegovina","BIH",2012,28.92,447404
"Bosnia and Herzegovina","BIH",2013,26.63,430382
"Bosnia and Herzegovina","BIH",2014,27.1,417527
"Bosnia and Herzegovina","BIH",2015,28.35,403982
"Bosnia and Herzegovina","BIH",2016,27.09,390407
"Bosnia and Herzegovina","BIH",2017,25.51,378115
"Bosnia and Herzegovina","BIH",2018,22.61,369815
"Bosnia and Herzegovina","BIH",2019,22.6,364611
"Bosnia and Herzegovina","BIH",2020,21.81,359698
"Bosnia and Herzegovina","BIH",2021,19.3,352382
"Botswana","BWA",1996,43.35,330806
"Botswana","BWA",2006,42.34,428398
"Botswana","BWA",2009,35.67,433962
"Botswana","BWA",2019,31.98,483039
"Botswana","BWA",2020,37.14,489997
"Botswana","BWA",2021,35.17,495948
"Botswana","BWA",2022,37,497258
"Brazil","BRA",1995,20.29,31519769
"Brazil","BRA",1996,20.81,32156253
"Brazil","BRA",1997,20.49,32782641
"Brazil","BRA",1998,20.25,33394414
"Brazil","BRA",1999,19.71,33971136
"Brazil","BRA",2001,19.65,34891687
"Brazil","BRA",2002,19.24,35201987
"Brazil","BRA",2003,19.28,35393310
"Brazil","BRA",2004,18.99,35467892
"Brazil","BRA",2005,19.07,35430057
"Brazil","BRA",2006,19.24,35294004
"Brazil","BRA",2007,19.18,35076734
"Brazil","BRA",2008,18.32,34812983
"Brazil","BRA",2009,18.79,34535504
"Brazil","BRA",2011,19.4,34020932
"Brazil","BRA",2012,20.54,33835903
"Brazil","BRA",2013,20.9,33719063
"Brazil","BRA",2014,20.69,33625657
"Brazil","BRA",2015,22.1,33516393
"Brazil","BRA",2016,23.8,33389569
"Brazil","BRA",2017,24.87,33228535
"Brazil","BRA",2018,24.6,32985387
"Brazil","BRA",2019,23.99,32699213
"Brazil","BRA",2020,25.99,32408868
"Brazil","BRA",2021,23.38,32055203
"Brazil","BRA",2022,20.97,31613146
"Brunei","BRN",2014,17.11,74918
"Brunei","BRN",2017,19.97,75988
"Brunei","BRN",2018,20.72,75809
"Brunei","BRN",2019,20.09,75276
"Brunei","BRN",2020,21.43,74345
"Brunei","BRN",2021,18.68,72779
"Bulgaria","BGR",2003,28.29,1071774
"Bulgaria","BGR",2004,24.37,1052219
"Bulgaria","BGR",2005,25.05,1032469
"Bulgaria","BGR",2006,22.24,1010965
"Bulgaria","BGR",2007,19.14,985352
"Bulgaria","BGR",2008,17.4,957213
"Bulgaria","BGR",2009,19.45,926200
"Bulgaria","BGR",2010,21.03,891474
"Bulgaria","BGR",2011,21.81,854125
"Bulgaria","BGR",2012,21.53,814178
"Bulgaria","BGR",2013,21.6,772574
"Bulgaria","BGR",2014,20.24,735093
"Bulgaria","BGR",2015,19.28,703134
"Bulgaria","BGR",2016,18.2,673794
"Bulgaria","BGR",2017,15.31,648913
"Bulgaria","BGR",2018,15.04,630757
"Bulgaria","BGR",2019,13.72,618947
"Bulgaria","BGR",2020,14.44,617637
"Bulgaria","BGR",2021,14.02,622154
"Burkina Faso","BFA",2018,41,4005638
"Burundi","BDI",2006,11.3,1788814
"Burundi","BDI",2014,5.07,2013039
"Burundi","BDI",2017,6.19,1998337
"Burundi","BDI",2020,11.17,2281591
"Cambodia","KHM",1996,7.04,1800761
"Cambodia","KHM",1997,11.24,2044478
"Cambodia","KHM",1998,21.08,2244467
"Cambodia","KHM",1999,6.39,2373846
"Cambodia","KHM",2000,10.34,2508749
"Cambodia","KHM",2001,6.13,2648117
"Cambodia","KHM",2003,10.32,2889363
"Cambodia","KHM",2007,8.05,3123601
"Cambodia","KHM",2008,8.63,3163001
"Cambodia","KHM",2009,7.13,3202914
"Cambodia","KHM",2010,5.31,3224295
"Cambodia","KHM",2011,5.1,3228510
"Cambodia","KHM",2012,12.72,3209004
"Cambodia","KHM",2013,6.34,3170141
"Cambodia","KHM",2014,6.32,3121095
"Cambodia","KHM",2015,6.59,3064196
"Cambodia","KHM",2016,6.41,3005428
"Cambodia","KHM",2017,6.46,2938833
"Cambodia","KHM",2019,11.38,2837089
"Cameroon","CMR",2007,11.12,3719153
"Cameroon","CMR",2010,10.79,4007868
"Cameroon","CMR",2014,17.01,4384007
"Canada","CAN",1976,19.68,4635505
"Canada","CAN",1977,20.17,4709062
"Canada","CAN",1978,19.76,4764580
"Canada","CAN",1979,18.55,4810146
"Canada","CAN",1980,18.45,4842654
"Canada","CAN",1981,18.04,4841066
"Canada","CAN",1982,21.96,4792298
"Canada","CAN",1983,21.75,4715061
"Canada","CAN",1984,20.07,4632494
"Canada","CAN",1985,18.35,4551776
"Canada","CAN",1986,17.26,4462854
"Canada","CAN",1987,15.91,4354954
"Canada","CAN",1988,14.62,4245626
"Canada","CAN",1989,14.02,4158352
"Canada","CAN",1990,15.17,4093372
"Canada","CAN",1991,16.9,4047671
"Canada","CAN",1992,17.38,4021653
"Canada","CAN",1993,17.27,4008951
"Canada","CAN",1994,16.7,4007118
"Canada","CAN",1995,16.05,4016548
"Canada","CAN",1996,16.25,4034612
"Canada","CAN",1997,15.89,4059168
"Canada","CAN",1998,15.29,4094071
"Canada","CAN",1999,14.23,4141160
"Canada","CAN",2000,13.9,4195128
"Canada","CAN",2001,13.33,4249822
"Canada","CAN",2002,13.22,4297162
"Canada","CAN",2003,13.19,4339286
"Canada","CAN",2004,13.09,4386299
"Canada","CAN",2005,12.78,4439195
"Canada","CAN",2006,12.37,4487317
"Canada","CAN",2007,12.32,4521719
"Canada","CAN",2008,12.74,4547413
"Canada","CAN",2009,14.36,4573979
"Canada","CAN",2010,14.1,4600195
"Canada","CAN",2011,13.62,4616387
"Canada","CAN",2012,13.79,4616498
"Canada","CAN",2013,13.48,4600963
"Canada","CAN",2014,13.9,4568770
"Canada","CAN",2015,13.82,4529925
"Canada","CAN",2016,13.5,4515807
"Canada","CAN",2017,12.58,4538483
"Canada","CAN",2018,12.84,4580123
"Canada","CAN",2019,12.36,4611971
"Canada","CAN",2020,17.93,4599126
"Canada","CAN",2021,12.94,4554487
"Canada","CAN",2022,11.83,4555193
"Cape Verde","CPV",2017,31.4,98144
"Cape Verde","CPV",2018,30.25,94264
"Cape Verde","CPV",2019,27.99,90966
"Central Europe and the Baltics (WB)","",2004,15.815678,NA
"Central Europe and the Baltics (WB)","",2005,15.5449505,NA
"Central Europe and the Baltics (WB)","",2006,13.2381115,NA
"Central Europe and the Baltics (WB)","",2007,11.41529,NA
"Central Europe and the Baltics (WB)","",2008,10.308383,NA
"Central Europe and the Baltics (WB)","",2009,12.103036,NA
"Central Europe and the Baltics (WB)","",2010,13.096942,NA
"Central Europe and the Baltics (WB)","",2011,13.512958,NA
"Central Europe and the Baltics (WB)","",2012,13.712561,NA
"Central Europe and the Baltics (WB)","",2013,14.055609,NA
"Central Europe and the Baltics (WB)","",2014,13.574107,NA
"Central Europe and the Baltics (WB)","",2015,12.976071,NA
"Central Europe and the Baltics (WB)","",2016,12.340234,NA
"Central Europe and the Baltics (WB)","",2017,11.122315,NA
"Central Europe and the Baltics (WB)","",2018,10.3219,NA
"Central Europe and the Baltics (WB)","",2019,10.01247,NA
"Central Europe and the Baltics (WB)","",2020,10.535011,NA
"Central Europe and the Baltics (WB)","",2021,12.082241,NA
"Chad","TCD",2018,37.05,3119931
"Chile","CHL",1990,28.14,2515996
"Chile","CHL",1992,24.09,2521301
"Chile","CHL",1994,24.57,2524654
"Chile","CHL",1996,20.83,2530088
"Chile","CHL",1998,23.26,2545501
"Chile","CHL",2000,24.03,2578246
"Chile","CHL",2003,20.54,2656747
"Chile","CHL",2006,19.89,2765839
"Chile","CHL",2009,23.2,2846061
"Chile","CHL",2010,19.16,2859604
"Chile","CHL",2011,19.17,2865380
"Chile","CHL",2012,17.86,2859592
"Chile","CHL",2013,18.31,2843598
"Chile","CHL",2014,18.63,2820079
"Chile","CHL",2015,19.15,2790548
"Chile","CHL",2016,17.1,2768071
"Chile","CHL",2017,16.52,2765550
"Chile","CHL",2018,15.82,2771908
"Chile","CHL",2019,16.5,2764683
"Chile","CHL",2020,20.52,2719228
"Chile","CHL",2021,16.27,2655979
"Chile","CHL",2022,14.77,2607123
"Colombia","COL",2002,29.94,7577981
"Colombia","COL",2003,28.09,7655946
"Colombia","COL",2004,28.74,7737574
"Colombia","COL",2005,27.72,7818084
"Colombia","COL",2007,26.69,7975919
"Colombia","COL",2008,25.54,8056258
"Colombia","COL",2009,24.96,8143288
"Colombia","COL",2010,23.44,8229449
"Colombia","COL",2011,23.03,8299001
"Colombia","COL",2012,22.53,8353224
"Colombia","COL",2013,22.08,8399581
"Colombia","COL",2014,21.4,8428413
"Colombia","COL",2015,21.14,8435765
"Colombia","COL",2016,21.13,8445780
"Colombia","COL",2017,21.84,8506281
"Colombia","COL",2018,22.84,8600394
"Colombia","COL",2019,23.92,8657897
"Colombia","COL",2021,27.26,8596960
"Colombia","COL",2022,24.42,8525629
"Comoros","COM",2004,37.17,116739
"Comoros","COM",2014,27.58,142994
"Comoros","COM",2021,22.72,157464
"Congo","COG",2005,29.87,741072
"Congo","COG",2009,22.27,838256
"Costa Rica","CRI",2001,21.96,750008
"Costa Rica","CRI",2002,20.76,767952
"Costa Rica","CRI",2003,21.62,783787
"Costa Rica","CRI",2004,20.17,797183
"Costa Rica","CRI",2005,18.66,808429
"Costa Rica","CRI",2006,18.47,817564
"Costa Rica","CRI",2007,17.47,824190
"Costa Rica","CRI",2008,17.32,828512
"Costa Rica","CRI",2009,19.64,830531
"Costa Rica","CRI",2010,19.09,830090
"Costa Rica","CRI",2011,21.14,827431
"Costa Rica","CRI",2012,17.57,823328
"Costa Rica","CRI",2013,17.97,818681
"Costa Rica","CRI",2014,18.31,814339
"Costa Rica","CRI",2015,18.65,810199
"Costa Rica","CRI",2016,20.45,805363
"Costa Rica","CRI",2017,19.96,798291
"Costa Rica","CRI",2018,18.68,788984
"Costa Rica","CRI",2019,17.58,778864
"Costa Rica","CRI",2020,19.95,769409
"Costa Rica","CRI",2021,18.99,760106
"Costa Rica","CRI",2022,17.18,751354
"Cote d'Ivoire","CIV",2012,22.76,4677342
"Cote d'Ivoire","CIV",2013,17.51,4643338
"Cote d'Ivoire","CIV",2016,25.76,4796292
"Cote d'Ivoire","CIV",2017,34.83,4894641
"Cote d'Ivoire","CIV",2019,21.92,5144929
"Croatia","HRV",2005,16.72,548402
"Croatia","HRV",2006,14.18,542461
"Croatia","HRV",2007,12.87,535547
"Croatia","HRV",2008,11.62,527605
"Croatia","HRV",2009,13.43,519290
"Croatia","HRV",2010,15.67,510674
"Croatia","HRV",2011,16.22,502831
"Croatia","HRV",2012,16.59,496639
"Croatia","HRV",2013,19.63,490737
"Croatia","HRV",2014,19.33,482439
"Croatia","HRV",2015,18.12,470554
"Croatia","HRV",2016,16.9,454582
"Croatia","HRV",2017,15.35,437080
"Croatia","HRV",2018,13.57,422380
"Croatia","HRV",2019,11.78,413072
"Croatia","HRV",2020,12.24,407920
"Croatia","HRV",2021,12.69,403384
"Curacao","CUW",2018,5.06,27412
"Curacao","CUW",2020,17.46,26291
"Cyprus","CYP",1999,11.59,159054
"Cyprus","CYP",2000,10.05,164059
"Cyprus","CYP",2001,7.77,167677
"Cyprus","CYP",2002,8.38,170225
"Cyprus","CYP",2003,8.93,172937
"Cyprus","CYP",2004,21.79,176448
"Cyprus","CYP",2005,19.52,180633
"Cyprus","CYP",2006,10.73,185116
"Cyprus","CYP",2007,8.99,189294
"Cyprus","CYP",2008,9.65,192493
"Cyprus","CYP",2009,9.9,194146
"Cyprus","CYP",2010,11.68,193873
"Cyprus","CYP",2011,14.64,191086
"Cyprus","CYP",2012,15.98,186335
"Cyprus","CYP",2013,18.67,180769
"Cyprus","CYP",2014,17.01,174739
"Cyprus","CYP",2015,15.3,168611
"Cyprus","CYP",2016,16.02,162781
"Cyprus","CYP",2017,16.09,157580
"Cyprus","CYP",2018,13.21,153164
"Cyprus","CYP",2019,13.66,149517
"Cyprus","CYP",2020,14.36,146575
"Cyprus","CYP",2021,13.77,144289
"Czechia","CZE",2002,14.63,1473393
"Czechia","CZE",2003,13.96,1436131
"Czechia","CZE",2004,13.82,1401726
"Czechia","CZE",2005,13.41,1377146
"Czechia","CZE",2006,9.49,1363903
"Czechia","CZE",2007,7.1,1350526
"Czechia","CZE",2008,6.82,1334910
"Czechia","CZE",2009,8.61,1312316
"Czechia","CZE",2010,9.04,1276627
"Czechia","CZE",2011,8.72,1234220
"Czechia","CZE",2012,9.23,1192006
"Czechia","CZE",2013,9.45,1150553
"Czechia","CZE",2014,8.42,1111169
"Czechia","CZE",2015,7.72,1074573
"Czechia","CZE",2016,7.15,1039303
"Czechia","CZE",2017,6.4,1009280
"Czechia","CZE",2018,5.74,983977
"Czechia","CZE",2019,5.82,966857
"Czechia","CZE",2020,6.68,964564
"Czechia","CZE",2021,6.61,973627
"Democratic Republic of Congo","COD",2005,18.46,10925747
"Democratic Republic of Congo","COD",2012,21.36,14104061
"Democratic Republic of Congo","COD",2020,31.37,18392964
"Denmark","DNK",2003,5.44,594340
"Denmark","DNK",2004,5.45,595318
"Denmark","DNK",2005,4.31,601333
"Denmark","DNK",2006,3.62,612312
"Denmark","DNK",2007,4.3,628553
"Denmark","DNK",2008,5.18,648326
"Denmark","DNK",2009,6.48,668030
"Denmark","DNK",2010,6.86,685684
"Denmark","DNK",2011,7.19,700255
"Denmark","DNK",2012,7.35,712222
"Denmark","DNK",2013,6.63,721438
"Denmark","DNK",2014,6.39,727481
"Denmark","DNK",2015,7.03,733825
"Denmark","DNK",2016,6.72,739189
"Denmark","DNK",2017,7.58,739106
"Denmark","DNK",2018,7.68,735466
"Denmark","DNK",2019,7.72,729275
"Denmark","DNK",2020,7.44,721257
"Denmark","DNK",2021,7.08,718253
"Djibouti","DJI",2017,22.82,207731
"Dominican Republic","DOM",2000,19.85,1730292
"Dominican Republic","DOM",2001,21.09,1747173
"Dominican Republic","DOM",2002,20.51,1763797
"Dominican Republic","DOM",2003,21.13,1782112
"Dominican Republic","DOM",2004,20.8,1802934
"Dominican Republic","DOM",2005,20.51,1825023
"Dominican Republic","DOM",2006,19.54,1847379
"Dominican Republic","DOM",2007,19.3,1869593
"Dominican Republic","DOM",2008,19.29,1890225
"Dominican Republic","DOM",2009,21.74,1908838
"Dominican Republic","DOM",2010,21.01,1926422
"Dominican Republic","DOM",2011,20.08,1942509
"Dominican Republic","DOM",2012,20.35,1954008
"Dominican Republic","DOM",2013,20.96,1958620
"Dominican Republic","DOM",2014,19.65,1959459
"Dominican Republic","DOM",2015,25.23,1961269
"Dominican Republic","DOM",2016,25.37,1963434
"Dominican Republic","DOM",2017,24.34,1963203
"Dominican Republic","DOM",2018,24.5,1960199
"Dominican Republic","DOM",2019,24.77,1954628
"Dominican Republic","DOM",2020,37.7,1949707
"Dominican Republic","DOM",2021,27.33,1945082
"EU (27)","",2003,12.275159,NA
"EU (27)","",2004,12.790945,NA
"EU (27)","",2005,13.523294,NA
"EU (27)","",2006,12.052679,NA
"EU (27)","",2007,11.107206,NA
"EU (27)","",2008,10.896893,NA
"EU (27)","",2009,12.716915,NA
"EU (27)","",2010,12.791325,NA
"EU (27)","",2011,12.881744,NA
"EU (27)","",2012,13.222355,NA
"EU (27)","",2013,13.378584,NA
"EU (27)","",2014,13.008161,NA
"EU (27)","",2015,12.533268,NA
"EU (27)","",2016,12.012091,NA
"EU (27)","",2017,11.358195,NA
"EU (27)","",2018,10.794649,NA
"EU (27)","",2019,10.395585,NA
"EU (27)","",2020,11.261041,NA
"EU (27)","",2021,11.051215,NA
"East Timor","TLS",2007,25.89,194386
"East Timor","TLS",2010,19.04,216246
"East Timor","TLS",2013,16.72,235744
"East Timor","TLS",2016,20.95,259476
"East Timor","TLS",2021,31.17,293049
"Ecuador","ECU",2000,20.96,2514329
"Ecuador","ECU",2001,18.03,2550697
"Ecuador","ECU",2003,21.03,2621447
"Ecuador","ECU",2004,18.43,2658050
"Ecuador","ECU",2005,17.46,2695673
"Ecuador","ECU",2006,17.05,2734142
"Ecuador","ECU",2007,16.37,2772638
"Ecuador","ECU",2008,16.14,2808439
"Ecuador","ECU",2009,16.5,2839587
"Ecuador","ECU",2010,15.66,2869443
"Ecuador","ECU",2011,16.43,2901932
"Ecuador","ECU",2012,16.55,2935570
"Ecuador","ECU",2013,17.36,2967782
"Ecuador","ECU",2014,20.23,2997617
"Ecuador","ECU",2015,19.81,3025761
"Ecuador","ECU",2016,18.44,3053650
"Ecuador","ECU",2017,17.56,3082293
"Ecuador","ECU",2018,17.67,3116303
"Ecuador","ECU",2019,17.52,3146683
"Ecuador","ECU",2021,18.48,3148909
"Egypt","EGY",2008,29.66,17321544
"Egypt","EGY",2009,29.9,17378286
"Egypt","EGY",2010,33.08,17401628
"Egypt","EGY",2011,32.1,17458209
"Egypt","EGY",2012,31.55,17551032
"Egypt","EGY",2013,28.4,17658629
"Egypt","EGY",2014,26.28,17766920
"Egypt","EGY",2015,27.61,17839043
"Egypt","EGY",2016,27.61,17947702
"Egypt","EGY",2017,26.9,18123317
"Egypt","EGY",2018,27.09,18358796
"Egypt","EGY",2019,27.96,18640728
"Egypt","EGY",2020,30.16,18950883
"Egypt","EGY",2021,28.74,19288822
"El Salvador","SLV",2009,28.93,1206890
"El Salvador","SLV",2010,27.21,1235945
"El Salvador","SLV",2011,25.91,1264755
"El Salvador","SLV",2012,26.03,1291434
"El Salvador","SLV",2013,25.35,1314724
"El Salvador","SLV",2014,28.5,1332901
"El Salvador","SLV",2015,28.54,1343593
"El Salvador","SLV",2016,28.22,1345763
"El Salvador","SLV",2017,28.4,1337974
"El Salvador","SLV",2018,27.15,1319151
"El Salvador","SLV",2019,27.94,1292171
"El Salvador","SLV",2020,25.17,1264514
"El Salvador","SLV",2021,26.15,1238107
"Estonia","EST",2003,12.12,200735
"Estonia","EST",2004,15.56,201510
"Estonia","EST",2005,10.94,201090
"Estonia","EST",2006,9.18,198680
"Estonia","EST",2007,9.38,195235
"Estonia","EST",2008,9.17,190440
"Estonia","EST",2009,14.62,183900
"Estonia","EST",2010,14.07,176820
"Estonia","EST",2011,11.54,169242
"Estonia","EST",2012,12.3,160763
"Estonia","EST",2013,11.42,151593
"Estonia","EST",2014,12.04,142648
"Estonia","EST",2015,10.84,136382
"Estonia","EST",2016,9.2,132180
"Estonia","EST",2017,9.42,128349
"Estonia","EST",2018,9.85,126342
"Estonia","EST",2019,6.94,125944
"Estonia","EST",2020,8.84,126797
"Estonia","EST",2021,10.92,129155
"Eswatini","SWZ",2016,35.5,244696
"Ethiopia","ETH",2013,10.48,20602861
"Ethiopia","ETH",2021,17.53,26091533
"Europe and Central Asia (WB)","",2004,16.705091,NA
"Europe and Central Asia (WB)","",2005,17.606003,NA
"Europe and Central Asia (WB)","",2006,16.04637,NA
"Europe and Central Asia (WB)","",2007,16.236189,NA
"Europe and Central Asia (WB)","",2008,15.337178,NA
"Europe and Central Asia (WB)","",2009,16.247011,NA
"Europe and Central Asia (WB)","",2010,15.550507,NA
"Europe and Central Asia (WB)","",2011,15.266936,NA
"Europe and Central Asia (WB)","",2012,15.343196,NA
"Europe and Central Asia (WB)","",2013,15.030792,NA
"Europe and Central Asia (WB)","",2014,14.970857,NA
"Europe and Central Asia (WB)","",2015,14.42748,NA
"Europe and Central Asia (WB)","",2016,14.122602,NA
"Europe and Central Asia (WB)","",2017,14.064725,NA
"Europe and Central Asia (WB)","",2018,13.555829,NA
"Europe and Central Asia (WB)","",2019,13.639197,NA
"Fiji","FJI",2005,20.55,175723
"Fiji","FJI",2011,18.4,168795
"Fiji","FJI",2014,19.09,163650
"Fiji","FJI",2016,20.09,159051
"Finland","FIN",2003,10.96,650519
"Finland","FIN",2004,9.78,651057
"Finland","FIN",2005,8.09,653178
"Finland","FIN",2006,7.86,656124
"Finland","FIN",2007,7.09,658279
"Finland","FIN",2008,7.95,658906
"Finland","FIN",2009,9.84,658861
"Finland","FIN",2010,9.02,659481
"Finland","FIN",2011,8.43,660254
"Finland","FIN",2012,8.56,660561
"Finland","FIN",2013,9.3,657451
"Finland","FIN",2014,10.17,651550
"Finland","FIN",2015,10.56,644535
"Finland","FIN",2016,9.92,637050
"Finland","FIN",2017,9.4,628761
"Finland","FIN",2018,8.52,620178
"Finland","FIN",2019,8.16,613581
"Finland","FIN",2020,9.25,608627
"Finland","FIN",2021,7.65,607304
"France","FRA",2003,9.52,7844443
"France","FRA",2004,10.69,7895899
"France","FRA",2005,11.35,7917341
"France","FRA",2006,11.78,7896257
"France","FRA",2007,11,7853880
"France","FRA",2008,10.87,7822305
"France","FRA",2009,14.34,7794774
"France","FRA",2010,12.88,7760787
"France","FRA",2011,12.41,7702621
"France","FRA",2012,12.84,7657496
"France","FRA",2013,13.43,7670477
"France","FRA",2014,13.5,7680900
"France","FRA",2015,13.97,7674435
"France","FRA",2016,13.94,7736245
"France","FRA",2017,13.43,7797341
"France","FRA",2018,13.08,7831053
"France","FRA",2019,12.62,7878201
"France","FRA",2020,12.7,7915706
"France","FRA",2021,11.46,8003623
"Gambia","GMB",2012,34,425962
"Gambia","GMB",2018,29.44,487886
"Georgia","GEO",2012,32.56,550127
"Georgia","GEO",2013,30.95,529574
"Georgia","GEO",2014,28.77,508972
"Georgia","GEO",2015,27.44,487026
"Georgia","GEO",2016,26.82,466535
"Georgia","GEO",2017,24.76,449593
"Georgia","GEO",2018,26.85,437364
"Georgia","GEO",2019,26,429388
"Georgia","GEO",2020,24.91,424765
"Germany","DEU",2003,10.03,9550091
"Germany","DEU",2004,10.08,9627652
"Germany","DEU",2005,11.28,9693297
"Germany","DEU",2006,10.06,9576348
"Germany","DEU",2007,9.3,9349957
"Germany","DEU",2008,8.43,9238415
"Germany","DEU",2009,8.8,9241015
"Germany","DEU",2010,8.3,9243452
"Germany","DEU",2011,7.49,9153980
"Germany","DEU",2012,7.1,8973167
"Germany","DEU",2013,6.25,8784657
"Germany","DEU",2014,6.36,8715438
"Germany","DEU",2015,6.17,8754175
"Germany","DEU",2016,6.69,8810403
"Germany","DEU",2017,6.26,8776359
"Germany","DEU",2018,5.9,8712752
"Germany","DEU",2019,5.66,8644786
"Germany","DEU",2020,7.42,8551470
"Germany","DEU",2021,7.52,8394784
"Ghana","GHA",1991,21.32,3173483
"Ghana","GHA",2000,30.37,4083937
"Ghana","GHA",2006,26.92,4802706
"Ghana","GHA",2010,20.25,5147485
"Ghana","GHA",2013,14.13,5327861
"Ghana","GHA",2015,25.56,5485062
"Ghana","GHA",2017,23,5689296
"Greece","GRC",1987,21.95,1524608
"Greece","GRC",1988,21,1535985
"Greece","GRC",1989,19.67,1547929
"Greece","GRC",1990,18.7,1556493
"Greece","GRC",1991,19.71,1564819
"Greece","GRC",1992,17.92,1571497
"Greece","GRC",1993,19.3,1574323
"Greece","GRC",1994,18.34,1580564
"Greece","GRC",1995,18.25,1588532
"Greece","GRC",1996,18.78,1594375
"Greece","GRC",1997,18.13,1595633
"Greece","GRC",1998,19.45,1592349
"Greece","GRC",1999,26.19,1579565
"Greece","GRC",2000,24.96,1557615
"Greece","GRC",2001,24.51,1530989
"Greece","GRC",2002,24,1500524
"Greece","GRC",2003,29.11,1470712
"Greece","GRC",2004,24.52,1440718
"Greece","GRC",2005,22.44,1407986
"Greece","GRC",2006,13.33,1371856
"Greece","GRC",2007,13.05,1333062
"Greece","GRC",2008,13.1,1293586
"Greece","GRC",2009,13.47,1258034
"Greece","GRC",2010,15.77,1228068
"Greece","GRC",2011,18.31,1199999
"Greece","GRC",2012,21.13,1175008
"Greece","GRC",2013,21.24,1150209
"Greece","GRC",2014,19.87,1124831
"Greece","GRC",2015,17.9,1102822
"Greece","GRC",2016,16.24,1091203
"Greece","GRC",2017,15.88,1089276
"Greece","GRC",2018,14.69,1093746
"Greece","GRC",2019,12.98,1103889
"Greece","GRC",2020,13.53,1108297
"Greece","GRC",2021,12.05,1081796
"Guatemala","GTM",2003,22.9,2595261
"Guatemala","GTM",2004,29.53,2673379
"Guatemala","GTM",2006,24.53,2827356
"Guatemala","GTM",2010,27.86,3135277
"Guatemala","GTM",2011,25.11,3214165
"Guatemala","GTM",2012,22.91,3288177
"Guatemala","GTM",2013,27.65,3354617
"Guatemala","GTM",2014,26.9,3413268
"Guatemala","GTM",2015,26.66,3465928
"Guatemala","GTM",2016,27.42,3518110
"Guatemala","GTM",2017,27.26,3566590
"Guatemala","GTM",2018,27.79,3603835
"Guatemala","GTM",2019,28.19,3632122
"Guinea","GIN",2002,24.4,1618486
"Guinea","GIN",2019,34.3,2696327
"Guinea-Bissau","GNB",2018,24.3,384315
"Guyana","GUY",2018,43.9,157452
"Guyana","GUY",2019,46.39,158174
"Haiti","HTI",2012,21.09,2112578
"Honduras","HND",2005,27.02,1575887
"Honduras","HND",2006,26.84,1611439
"Honduras","HND",2007,27.58,1648076
"Honduras","HND",2008,25.89,1685935
"Honduras","HND",2009,26.62,1724891
"Honduras","HND",2010,26.21,1764669
"Honduras","HND",2011,27.55,1804154
"Honduras","HND",2012,28.67,1841976
"Honduras","HND",2013,26.81,1878555
"Honduras","HND",2014,28.67,1915471
"Honduras","HND",2015,26.96,1952774
"Honduras","HND",2016,27.82,1988296
"Honduras","HND",2017,27.72,2019723
"Honduras","HND",2018,26.62,2045973
"Honduras","HND",2019,26.8,2067357
"Hong Kong","HKG",2009,7.41,919263
"Hong Kong","HKG",2010,6.95,908807
"Hong Kong","HKG",2011,6.16,901178
"Hong Kong","HKG",2012,6.14,898121
"Hong Kong","HKG",2013,6.68,888883
"Hong Kong","HKG",2014,6.62,866730
"Hong Kong","HKG",2015,6.6,838087
"Hong Kong","HKG",2016,6.1,805835
"Hong Kong","HKG",2017,6.38,767809
"Hong Kong","HKG",2018,6.49,726021
"Hong Kong","HKG",2019,6.72,683215
"Hong Kong","HKG",2020,8.99,642920
"Hong Kong","HKG",2021,7.24,610364
"Hungary","HUN",2004,12.38,1338526
"Hungary","HUN",2005,18.79,1312342
"Hungary","HUN",2006,12.43,1294314
"Hungary","HUN",2007,11.46,1279629
"Hungary","HUN",2008,11.46,1266585
"Hungary","HUN",2009,13.61,1256651
"Hungary","HUN",2010,12.56,1242547
"Hungary","HUN",2011,13.21,1222875
"Hungary","HUN",2012,14.78,1205235
"Hungary","HUN",2013,15.47,1184583
"Hungary","HUN",2014,13.62,1159935
"Hungary","HUN",2015,11.58,1133614
"Hungary","HUN",2016,11.05,1104925
"Hungary","HUN",2017,11.04,1078868
"Hungary","HUN",2018,10.73,1058432
"Hungary","HUN",2019,11,1038825
"Hungary","HUN",2020,11.71,1019545
"Hungary","HUN",2021,10.61,1007235
"Iceland","ISL",2003,4.48,42893
"Iceland","ISL",2004,6.93,43050
"Iceland","ISL",2005,4.66,43483
"Iceland","ISL",2006,4.8,44287
"Iceland","ISL",2007,4.1,45493
"Iceland","ISL",2008,4.32,46779
"Iceland","ISL",2009,7.33,47028
"Iceland","ISL",2010,7.35,46834
"Iceland","ISL",2011,6.69,47036
"Iceland","ISL",2012,5.89,47210
"Iceland","ISL",2013,5.47,47216
"Iceland","ISL",2014,5.72,47210
"Iceland","ISL",2015,4.55,47107
"Iceland","ISL",2016,4.12,47089
"Iceland","ISL",2017,3.87,47408
"Iceland","ISL",2018,4.87,47774
"Iceland","ISL",2019,4.71,47957
"Iceland","ISL",2020,6.03,47914
"Iceland","ISL",2021,4.88,48077
"India","IND",1994,38.4,180002654
"India","IND",2000,32.71,205461381
"India","IND",2004,26.13,222564049
"India","IND",2005,36.08,226212106
"India","IND",2010,28.94,240118488
"India","IND",2012,26.86,244284097
"India","IND",2018,30.81,255777477
"India","IND",2019,31.2,257010139
"India","IND",2020,30.7,257891451
"India","IND",2021,28.01,258395280
"Indonesia","IDN",1996,27.1,41219285
"Indonesia","IDN",1997,28.08,41747705
"Indonesia","IDN",1998,29.01,42245196
"Indonesia","IDN",1999,29.81,42706405
"Indonesia","IDN",2000,29.38,43067311
"Indonesia","IDN",2001,29.85,43267979
"Indonesia","IDN",2002,31.06,43384783
"Indonesia","IDN",2003,31.52,43465176
"Indonesia","IDN",2004,31.42,43491375
"Indonesia","IDN",2005,31.86,43454137
"Indonesia","IDN",2006,30.42,43397250
"Indonesia","IDN",2007,30.03,43307608
"Indonesia","IDN",2008,28.15,43187675
"Indonesia","IDN",2009,27.67,43100229
"Indonesia","IDN",2010,26.65,43112668
"Indonesia","IDN",2011,25.9,43277449
"Indonesia","IDN",2012,22.95,43525673
"Indonesia","IDN",2013,22.89,43738464
"Indonesia","IDN",2014,22.35,43870536
"Indonesia","IDN",2015,22.92,43971537
"Indonesia","IDN",2016,22.48,44056746
"Indonesia","IDN",2017,21.45,44142686
"Indonesia","IDN",2018,21.74,44234703
"Indonesia","IDN",2019,20.55,44320533
"Indonesia","IDN",2020,21.8,44455681
"Indonesia","IDN",2021,22.45,44628592
"Indonesia","IDN",2022,22.34,44817117
"Iran","IRN",2005,36.01,18360999
"Iran","IRN",2006,35.81,18416077
"Iran","IRN",2007,34.46,18243023
"Iran","IRN",2008,34.19,17869327
"Iran","IRN",2009,34.83,17358708
"Iran","IRN",2010,34.43,16747546
"Iran","IRN",2011,32.9,16072708
"Iran","IRN",2012,32.1,15372273
"Iran","IRN",2013,33.45,14672569
"Iran","IRN",2014,33.33,13986485
"Iran","IRN",2015,32.75,13327298
"Iran","IRN",2016,32.38,12754817
"Iran","IRN",2017,32.26,12310772
"Iran","IRN",2018,32.09,11968116
"Iran","IRN",2019,30.4,11719402
"Iran","IRN",2020,29.4,11566214
"Iran","IRN",2021,27.47,11583535
"Iraq","IRQ",2007,46.24,5678296
"Iraq","IRQ",2012,40.64,6780364
"Iraq","IRQ",2021,36.93,8465152
"Ireland","IRL",2003,8.84,637612
"Ireland","IRL",2004,10.36,634311
"Ireland","IRL",2005,15.13,634787
"Ireland","IRL",2006,14.43,646360
"Ireland","IRL",2007,10.06,661778
"Ireland","IRL",2008,12.52,661048
"Ireland","IRL",2009,18.29,639921
"Ireland","IRL",2010,19.43,607635
"Ireland","IRL",2011,19.14,580181
"Ireland","IRL",2012,19.18,567291
"Ireland","IRL",2013,16.42,565179
"Ireland","IRL",2014,15.24,568240
"Ireland","IRL",2015,14.25,572094
"Ireland","IRL",2016,12.57,577858
"Ireland","IRL",2017,10.93,590705
"Ireland","IRL",2018,10.07,606986
"Ireland","IRL",2019,10.09,620929
"Ireland","IRL",2020,12.02,630851
"Ireland","IRL",2021,7.73,642462
"Israel","ISR",2012,15.38,1157051
"Israel","ISR",2013,14.42,1173740
"Israel","ISR",2014,14.47,1191838
"Israel","ISR",2015,14.31,1212229
"Israel","ISR",2016,13.68,1234052
"Israel","ISR",2017,13.57,1256374
"Israel","ISR",2018,13.42,1282230
"Israel","ISR",2019,14.28,1309609
"Israel","ISR",2020,16.06,1335800
"Israel","ISR",2021,16.76,1361526
"Italy","ITA",2004,16.27,6079818
"Italy","ITA",2005,17.05,6023946
"Italy","ITA",2006,16.77,5978350
"Italy","ITA",2007,16.14,5975262
"Italy","ITA",2008,16.56,6009422
"Italy","ITA",2009,17.55,6026444
"Italy","ITA",2010,18.97,6036045
"Italy","ITA",2011,19.64,6045365
"Italy","ITA",2012,20.94,6053601
"Italy","ITA",2013,22.14,6029818
"Italy","ITA",2014,22.04,5974227
"Italy","ITA",2015,21.33,5924194
"Italy","ITA",2016,19.8,5894114
"Italy","ITA",2017,19.99,5883988
"Italy","ITA",2018,19.19,5876439
"Italy","ITA",2019,18.05,5867321
"Italy","ITA",2020,18.93,5858486
"Italy","ITA",2021,19.76,5863465
"Jamaica","JAM",2008,27.84,553084
"Jamaica","JAM",2009,30.7,555883
"Jamaica","JAM",2010,31.61,558126
"Jamaica","JAM",2011,31.52,560041
"Jamaica","JAM",2012,32.3,561232
"Jamaica","JAM",2013,33.78,560735
"Jamaica","JAM",2014,32.96,558065
"Jamaica","JAM",2016,29.76,543621
"Jamaica","JAM",2017,27.88,532685
"Jamaica","JAM",2018,26.06,520842
"Jamaica","JAM",2019,22.91,508887
"Jamaica","JAM",2020,29.66,498607
"Japan","JPN",2009,4.43,12536563
"Japan","JPN",2010,4.34,12328116
"Japan","JPN",2012,4.26,12062912
"Japan","JPN",2013,3.96,11988206
"Japan","JPN",2014,3.74,11952889
"Japan","JPN",2015,3.66,11956174
"Japan","JPN",2016,3.55,11985332
"Japan","JPN",2017,3.32,12015059
"Japan","JPN",2018,2.97,12031706
"Japan","JPN",2019,3.14,12010527
"Jordan","JOR",2017,38.06,1987036
"Jordan","JOR",2018,36.52,1998344
"Jordan","JOR",2019,36,2006886
"Jordan","JOR",2020,35.38,2014313
"Jordan","JOR",2021,32.85,2028554
"Kazakhstan","KAZ",2001,18.6,2886985
"Kazakhstan","KAZ",2002,14.88,2956147
"Kazakhstan","KAZ",2003,13.53,3022761
"Kazakhstan","KAZ",2004,13.24,3082390
"Kazakhstan","KAZ",2005,12.81,3131360
"Kazakhstan","KAZ",2006,12.5,3165857
"Kazakhstan","KAZ",2007,10.73,3182645
"Kazakhstan","KAZ",2008,9.71,3180597
"Kazakhstan","KAZ",2009,9.55,3156257
"Kazakhstan","KAZ",2010,8.2,3104497
"Kazakhstan","KAZ",2011,7.8,3026521
"Kazakhstan","KAZ",2012,8.03,2929683
"Kazakhstan","KAZ",2013,8.02,2828064
"Kazakhstan","KAZ",2014,8.76,2731937
"Kazakhstan","KAZ",2015,8.46,2647153
"Kazakhstan","KAZ",2016,9.49,2579071
"Kenya","KEN",1999,32.43,6357672
"Kenya","KEN",2005,22.7,7769707
"Kenya","KEN",2006,22.7,7972413
"Kenya","KEN",2016,13.73,9657352
"Kenya","KEN",2019,19.67,10437566
"Kiribati","KIR",2015,46.89,23448
"Kiribati","KIR",2019,52.01,23138
"Kiribati","KIR",2020,47.58,23027
"Kosovo","OWID_KOS",2012,35.88,350914
"Kosovo","OWID_KOS",2013,35.77,348686
"Kosovo","OWID_KOS",2014,30.23,340532
"Kosovo","OWID_KOS",2015,31.68,328125
"Kosovo","OWID_KOS",2016,30.26,322952
"Kosovo","OWID_KOS",2017,27.56,325601
"Kosovo","OWID_KOS",2018,29.69,324368
"Kosovo","OWID_KOS",2019,32.61,318212
"Kosovo","OWID_KOS",2020,33.48,315351
"Kosovo","OWID_KOS",2021,32.04,310383
"Kyrgyzstan","KGZ",2009,17.8,1192252
"Kyrgyzstan","KGZ",2010,14.87,1195669
"Kyrgyzstan","KGZ",2011,14.59,1184064
"Kyrgyzstan","KGZ",2012,15.66,1159872
"Kyrgyzstan","KGZ",2013,18.56,1134189
"Kyrgyzstan","KGZ",2014,18.37,1112593
"Kyrgyzstan","KGZ",2015,18.25,1094705
"Kyrgyzstan","KGZ",2016,17.57,1084865
"Kyrgyzstan","KGZ",2017,18.19,1083733
"Kyrgyzstan","KGZ",2018,17.54,1082310
"Kyrgyzstan","KGZ",2019,18.11,1073890
"Kyrgyzstan","KGZ",2020,18.07,1066278
"Kyrgyzstan","KGZ",2021,15.89,1067871
"Laos","LAO",2010,5.12,1394598
"Laos","LAO",2017,25.8,1426804
"Latin America and Caribbean (WB)","",2005,21.053526,NA
"Latin America and Caribbean (WB)","",2006,20.072283,NA
"Latin America and Caribbean (WB)","",2007,20.343653,NA
"Latin America and Caribbean (WB)","",2008,19.975561,NA
"Latin America and Caribbean (WB)","",2009,20.30469,NA
"Latin America and Caribbean (WB)","",2011,20.09968,NA
"Latin America and Caribbean (WB)","",2012,20.14575,NA
"Latin America and Caribbean (WB)","",2013,20.514814,NA
"Latin America and Caribbean (WB)","",2014,20.55131,NA
"Latin America and Caribbean (WB)","",2015,21.173841,NA
"Latin America and Caribbean (WB)","",2016,21.646769,NA
"Latin America and Caribbean (WB)","",2017,21.705666,NA
"Latin America and Caribbean (WB)","",2018,21.549952,NA
"Latin America and Caribbean (WB)","",2019,21.364777,NA
"Latin America and Caribbean (WB)","",2020,24.427813,NA
"Latin America and Caribbean (WB)","",2021,21.243404,NA
"Latvia","LVA",2003,12.73,348493
"Latvia","LVA",2004,12.34,349860
"Latvia","LVA",2005,10.89,348942
"Latvia","LVA",2006,11.46,346037
"Latvia","LVA",2007,11.94,341045
"Latvia","LVA",2008,11.82,329926
"Latvia","LVA",2009,17.49,310772
"Latvia","LVA",2010,17.81,288896
"Latvia","LVA",2011,16.03,269007
"Latvia","LVA",2012,14.89,251600
"Latvia","LVA",2013,13.03,234663
"Latvia","LVA",2014,12.01,219185
"Latvia","LVA",2015,10.52,205961
"Latvia","LVA",2016,11.21,193965
"Latvia","LVA",2017,10.26,184066
"Latvia","LVA",2018,7.84,177911
"Latvia","LVA",2019,7.86,174763
"Latvia","LVA",2020,7.06,173663
"Latvia","LVA",2021,8.63,175458
"Lebanon","LBN",2007,21.3,934076
"Lebanon","LBN",2019,23.52,962856
"Lesotho","LSO",2019,35.15,442154
"Liberia","LBR",2010,24.28,767521
"Liberia","LBR",2014,15.13,863465
"Liberia","LBR",2016,13.23,907341
"Liberia","LBR",2017,40.78,931020
"Lithuania","LTU",2004,9.88,499248
"Lithuania","LTU",2005,8.77,489443
"Lithuania","LTU",2006,8.32,481420
"Lithuania","LTU",2007,7.07,479777
"Lithuania","LTU",2008,8.85,476319
"Lithuania","LTU",2009,12.12,466197
"Lithuania","LTU",2010,13.17,446788
"Lithuania","LTU",2011,11.82,425511
"Lithuania","LTU",2012,11.17,409606
"Lithuania","LTU",2013,11.14,396430
"Lithuania","LTU",2014,9.91,383924
"Lithuania","LTU",2015,9.2,367795
"Lithuania","LTU",2016,9.41,346813
"Lithuania","LTU",2017,9.15,322562
"Lithuania","LTU",2018,8.04,301976
"Lithuania","LTU",2019,8.65,289874
"Lithuania","LTU",2020,10.76,282074
"Lithuania","LTU",2021,11.32,278486
"Luxembourg","LUX",2003,5.14,51946
"Luxembourg","LUX",2004,6.25,53378
"Luxembourg","LUX",2005,5.5,54663
"Luxembourg","LUX",2006,6.69,55742
"Luxembourg","LUX",2007,5.66,56653
"Luxembourg","LUX",2008,6.21,57779
"Luxembourg","LUX",2009,5.79,58979
"Luxembourg","LUX",2010,5.12,60314
"Luxembourg","LUX",2011,4.74,62397
"Luxembourg","LUX",2012,5.89,64533
"Luxembourg","LUX",2013,4.99,65762
"Luxembourg","LUX",2014,6.26,66748
"Luxembourg","LUX",2015,6.17,67945
"Luxembourg","LUX",2016,5.37,69442
"Luxembourg","LUX",2017,5.91,70633
"Luxembourg","LUX",2018,5.28,71109
"Luxembourg","LUX",2019,5.6,71571
"Luxembourg","LUX",2020,6.55,71841
"Luxembourg","LUX",2021,8.67,72003
"Macao","MAC",2009,7.19,104796
"Macao","MAC",2010,6.19,103410
"Macao","MAC",2011,6.3,100308
"Macao","MAC",2012,5.76,96528
"Macao","MAC",2013,5.27,92802
"Macao","MAC",2014,5,89152
"Macao","MAC",2015,5.31,86180
"Macao","MAC",2016,4.96,84013
"Madagascar","MDG",2012,3.79,4673853
"Malawi","MWI",2005,17.24,2642342
"Malawi","MWI",2011,18.07,3079971
"Malawi","MWI",2013,19.46,3251280
"Malawi","MWI",2017,20.95,3674911
"Malawi","MWI",2020,19.41,4073817
"Malaysia","MYS",2011,14.37,5807631
"Malaysia","MYS",2012,13.95,5822500
"Malaysia","MYS",2013,13.65,5835429
"Malaysia","MYS",2014,12.77,5851292
"Malaysia","MYS",2016,11.69,5894267
"Malaysia","MYS",2017,11.8,5918163
"Malaysia","MYS",2018,12.47,5944209
"Malaysia","MYS",2019,11.41,5977503
"Malaysia","MYS",2020,13.63,5989715
"Maldives","MDV",2009,32.54,92398
"Maldives","MDV",2014,21.84,85138
"Maldives","MDV",2016,23.79,84022
"Maldives","MDV",2019,26.27,80487
"Mali","MLI",2010,13.47,3116990
"Mali","MLI",2013,18.22,3306979
"Mali","MLI",2014,21.31,3402660
"Mali","MLI",2015,24.94,3511533
"Mali","MLI",2016,33.98,3633816
"Mali","MLI",2017,28.56,3768258
"Mali","MLI",2018,26.72,3913003
"Mali","MLI",2020,30.86,4240843
"Malta","MLT",2004,12.22,60155
"Malta","MLT",2005,11.9,60162
"Malta","MLT",2006,10.34,60204
"Malta","MLT",2007,11.54,60063
"Malta","MLT",2008,8.27,59671
"Malta","MLT",2009,9.88,59147
"Malta","MLT",2010,9.53,58457
"Malta","MLT",2011,10.18,57728
"Malta","MLT",2012,10.82,57093
"Malta","MLT",2013,9.91,56192
"Malta","MLT",2014,10.27,55427
"Malta","MLT",2015,10.54,55022
"Malta","MLT",2016,8.76,54347
"Malta","MLT",2017,8.59,53862
"Malta","MLT",2018,7.28,54078
"Malta","MLT",2019,8.56,54639
"Malta","MLT",2020,9.3,54489
"Malta","MLT",2021,13.5,52653
"Marshall Islands","MHL",2019,42.94,8315
"Mauritania","MRT",2012,39.7,695072
"Mauritania","MRT",2017,35.53,802386
"Mauritania","MRT",2019,44.08,855576
"Mauritius","MUS",2001,33.84,214964
"Mauritius","MUS",2002,30.22,212032
"Mauritius","MUS",2003,27.36,208990
"Mauritius","MUS",2004,27.99,206109
"Mauritius","MUS",2005,28.48,203915
"Mauritius","MUS",2006,22.23,202683
"Mauritius","MUS",2007,20.61,202649
"Mauritius","MUS",2008,21.34,203686
"Mauritius","MUS",2009,21.83,204920
"Mauritius","MUS",2010,21.52,205781
"Mauritius","MUS",2011,21.54,206263
"Mauritius","MUS",2012,21.61,206637
"Mauritius","MUS",2013,21.17,206183
"Mauritius","MUS",2014,20.86,205254
"Mauritius","MUS",2015,20.09,203907
"Mauritius","MUS",2016,20.32,201545
"Mauritius","MUS",2017,19.94,198835
"Mauritius","MUS",2018,20.46,196242
"Mauritius","MUS",2019,18.08,194032
"Mauritius","MUS",2021,32.42,190197
"Mexico","MEX",2005,21.46,20143251
"Mexico","MEX",2006,21.3,20356174
"Mexico","MEX",2007,21.09,20597590
"Mexico","MEX",2008,21.91,20870889
"Mexico","MEX",2009,22.14,21148120
"Mexico","MEX",2010,22.18,21404723
"Mexico","MEX",2011,21.82,21616613
"Mexico","MEX",2012,21.14,21764654
"Mexico","MEX",2013,20.47,21875298
"Mexico","MEX",2014,20.28,21946711
"Mexico","MEX",2015,19.72,21973662
"Mexico","MEX",2016,19.5,21984658
"Mexico","MEX",2017,18.7,22003125
"Mexico","MEX",2018,18.41,22037958
"Mexico","MEX",2019,18.3,22065040
"Mexico","MEX",2020,20.38,22079943
"Mexico","MEX",2021,18.35,22102964
"Mexico","MEX",2022,17.32,22142815
"Micronesia (country)","FSM",2014,28.67,23546
"Moldova","MDA",2000,24.85,718662
"Moldova","MDA",2001,24.77,732038
"Moldova","MDA",2002,25.57,745693
"Moldova","MDA",2003,25.14,757408
"Moldova","MDA",2004,26.59,762414
"Moldova","MDA",2005,26.44,754084
"Moldova","MDA",2006,23.6,735702
"Moldova","MDA",2007,22.85,714238
"Moldova","MDA",2008,20.54,689638
"Moldova","MDA",2009,21.23,661493
"Moldova","MDA",2010,19.45,630068
"Moldova","MDA",2011,19.72,595890
"Moldova","MDA",2012,19.28,560873
"Moldova","MDA",2013,18.63,526975
"Moldova","MDA",2014,16.85,488812
"Moldova","MDA",2015,15.77,448240
"Moldova","MDA",2016,16.27,413264
"Moldova","MDA",2017,16.92,383061
"Moldova","MDA",2018,17.83,357458
"Moldova","MDA",2019,17.48,336423
"Moldova","MDA",2020,15.59,321254
"Moldova","MDA",2021,13.55,312209
"Moldova","MDA",2022,14.96,317207
"Mongolia","MNG",2003,19.84,559655
"Mongolia","MNG",2006,18.51,586481
"Mongolia","MNG",2008,17.84,587544
"Mongolia","MNG",2009,18.7,582317
"Mongolia","MNG",2010,17.63,573659
"Mongolia","MNG",2011,16.54,563461
"Mongolia","MNG",2012,17.59,551876
"Mongolia","MNG",2013,18.39,537926
"Mongolia","MNG",2014,17.45,522461
"Mongolia","MNG",2015,16.81,506403
"Mongolia","MNG",2016,20.45,490723
"Mongolia","MNG",2017,19.82,476221
"Mongolia","MNG",2018,18.88,463552
"Mongolia","MNG",2019,18.45,453318
"Mongolia","MNG",2020,18.5,448247
"Mongolia","MNG",2021,17.18,449076
"Montenegro","MNE",2011,16.32,89004
"Montenegro","MNE",2012,16.94,88036
"Montenegro","MNE",2013,17.87,86744
"Montenegro","MNE",2014,17.72,85234
"Montenegro","MNE",2015,19.15,83542
"Montenegro","MNE",2016,18.4,81912
"Montenegro","MNE",2017,16.69,80199
"Montenegro","MNE",2018,16.3,78469
"Montenegro","MNE",2019,17.34,76814
"Montenegro","MNE",2020,21.09,75137
"Myanmar","MMR",2015,18.62,9123294
"Myanmar","MMR",2017,16.59,9122568
"Myanmar","MMR",2018,12.79,9109730
"Myanmar","MMR",2019,13.78,9080176
"Myanmar","MMR",2020,15.02,9043989
"Namibia","NAM",1994,25.14,326596
"Namibia","NAM",2010,34.12,474471
"Namibia","NAM",2012,31.15,486744
"Namibia","NAM",2013,32.01,493204
"Namibia","NAM",2014,30.47,499201
"Namibia","NAM",2016,33.55,504478
"Namibia","NAM",2018,31.88,505776
"Nauru","NRU",2013,36.4,1958
"Nepal","NPL",2008,23.13,5458577
"Nepal","NPL",2017,34.76,6256381
"Netherlands","NLD",2003,4.78,1966035
"Netherlands","NLD",2004,4.86,1976406
"Netherlands","NLD",2005,6.43,1985725
"Netherlands","NLD",2006,4.9,1995042
"Netherlands","NLD",2007,4.27,2009281
"Netherlands","NLD",2008,3.91,2030857
"Netherlands","NLD",2009,4.96,2053427
"Netherlands","NLD",2010,4.83,2070755
"Netherlands","NLD",2011,4.31,2080976
"Netherlands","NLD",2012,4.85,2085304
"Netherlands","NLD",2013,5.65,2090707
"Netherlands","NLD",2014,5.53,2100807
"Netherlands","NLD",2015,4.67,2113407
"Netherlands","NLD",2016,4.57,2129914
"Netherlands","NLD",2017,4,2147354
"Netherlands","NLD",2018,4.18,2161746
"Netherlands","NLD",2019,4.26,2173191
"Netherlands","NLD",2020,4.52,2174472
"Netherlands","NLD",2021,5.11,2171719
"New Caledonia","NCL",2014,11.84,44244
"New Caledonia","NCL",2017,39.24,42975
"New Caledonia","NCL",2018,32.43,42357
"New Caledonia","NCL",2019,27.91,41743
"New Caledonia","NCL",2020,33.02,41433
"New Zealand","NZL",2004,10.79,584862
"New Zealand","NZL",2005,11.12,594878
"New Zealand","NZL",2006,10.73,602402
"New Zealand","NZL",2007,10.98,605368
"New Zealand","NZL",2008,11.24,606601
"New Zealand","NZL",2009,14.25,610372
"New Zealand","NZL",2010,13.65,616256
"New Zealand","NZL",2011,13.46,620996
"New Zealand","NZL",2012,13.78,624056
"New Zealand","NZL",2013,12.22,629198
"New Zealand","NZL",2014,11.65,639075
"New Zealand","NZL",2015,11.54,650809
"New Zealand","NZL",2016,12.18,658535
"New Zealand","NZL",2017,11.92,659880
"New Zealand","NZL",2018,12.05,657662
"New Zealand","NZL",2019,11.62,656440
"New Zealand","NZL",2020,12.94,654226
"New Zealand","NZL",2021,11.85,646997
"Nicaragua","NIC",2001,26.08,1123060
"Nicaragua","NIC",2005,22.82,1159788
"Nicaragua","NIC",2012,15.02,1245883
"Nicaragua","NIC",2014,24.49,1254026
"Niger","NER",2011,19.43,3124170
"Niger","NER",2014,25.2,3576057
"Niger","NER",2017,68.66,4112456
"Nigeria","NGA",2011,29.09,32161656
"Nigeria","NGA",2013,27.85,33965739
"Nigeria","NGA",2016,27.06,37053331
"Nigeria","NGA",2019,36.65,40789168
"North America (WB)","",1994,15.4290495,NA
"North America (WB)","",1995,15.129742,NA
"North America (WB)","",1996,14.552558,NA
"North America (WB)","",1997,13.621971,NA
"North America (WB)","",1998,12.911961,NA
"North America (WB)","",1999,12.638135,NA
"North America (WB)","",2000,12.534339,NA
"North America (WB)","",2001,12.977395,NA
"North America (WB)","",2002,13.409834,NA
"North America (WB)","",2003,13.569708,NA
"North America (WB)","",2004,13.135208,NA
"North America (WB)","",2005,13.114571,NA
"North America (WB)","",2006,12.451392,NA
"North America (WB)","",2007,12.292866,NA
"North America (WB)","",2008,13.002264,NA
"North America (WB)","",2009,14.9656,NA
"North America (WB)","",2010,15.119583,NA
"North America (WB)","",2011,14.333639,NA
"North America (WB)","",2012,13.89842,NA
"North America (WB)","",2013,14.293463,NA
"North America (WB)","",2014,13.438797,NA
"North America (WB)","",2015,12.571196,NA
"North America (WB)","",2016,12.160821,NA
"North America (WB)","",2017,11.124344,NA
"North America (WB)","",2018,11.106554,NA
"North America (WB)","",2019,10.60194,NA
"North America (WB)","",2020,14.286924,NA
"North America (WB)","",2021,12.272405,NA
"North America (WB)","",2022,11.298054,NA
"North Macedonia","MKD",2006,34.48,329144
"North Macedonia","MKD",2007,33.65,324229
"North Macedonia","MKD",2008,31.24,318472
"North Macedonia","MKD",2009,27.94,313668
"North Macedonia","MKD",2010,26.42,309510
"North Macedonia","MKD",2011,25.32,305097
"North Macedonia","MKD",2012,25.23,299717
"North Macedonia","MKD",2013,24.64,293295
"North Macedonia","MKD",2014,25.69,285998
"North Macedonia","MKD",2015,24.93,277516
"North Macedonia","MKD",2016,24.98,267843
"North Macedonia","MKD",2017,25.61,257718
"North Macedonia","MKD",2018,25.08,247022
"North Macedonia","MKD",2019,18.81,235292
"North Macedonia","MKD",2020,19.81,223691
"North Macedonia","MKD",2021,18.36,215980
"North Macedonia","MKD",2022,18.45,212251
"Norway","NOR",2003,10.01,550499
"Norway","NOR",2004,9.18,558475
"Norway","NOR",2005,11.3,568555
"Norway","NOR",2006,4.56,580460
"Norway","NOR",2007,4.41,593437
"Norway","NOR",2008,4.13,607022
"Norway","NOR",2009,5,620727
"Norway","NOR",2010,4.9,635072
"Norway","NOR",2011,5.04,649095
"Norway","NOR",2012,5.16,660332
"Norway","NOR",2013,5.63,666660
"Norway","NOR",2014,5.47,669397
"Norway","NOR",2015,5.03,670113
"Norway","NOR",2016,5.37,668982
"Norway","NOR",2017,4.59,666316
"Norway","NOR",2018,4.85,663021
"Norway","NOR",2019,4.75,660587
"Norway","NOR",2020,4.9,657033
"Norway","NOR",2021,6.32,654134
"Pakistan","PAK",2006,36.17,37246984
"Pakistan","PAK",2007,34.97,38506142
"Pakistan","PAK",2008,33.33,39707913
"Pakistan","PAK",2009,31.47,40758272
"Pakistan","PAK",2010,31.1,41716471
"Pakistan","PAK",2011,32,42489340
"Pakistan","PAK",2013,31.01,43381195
"Pakistan","PAK",2014,30.91,43713135
"Pakistan","PAK",2015,30.41,44061906
"Pakistan","PAK",2018,30.96,45369018
"Pakistan","PAK",2019,29.71,45974324
"Pakistan","PAK",2021,34.56,47515877
"Palau","PLW",2000,27.23,2752
"Palau","PLW",2014,13.26,2494
"Palau","PLW",2020,18.04,2022
"Palestine","PSE",2000,31.86,629435
"Palestine","PSE",2001,35.6,652055
"Palestine","PSE",2002,34.58,674749
"Palestine","PSE",2003,30.44,698633
"Palestine","PSE",2004,29.88,724150
"Palestine","PSE",2005,28.95,751895
"Palestine","PSE",2006,28.21,781472
"Palestine","PSE",2007,28.14,811601
"Palestine","PSE",2008,28.8,840132
"Palestine","PSE",2009,27.98,865638
"Palestine","PSE",2010,28.08,888434
"Palestine","PSE",2011,27.13,908304
"Palestine","PSE",2012,29.39,924342
"Palestine","PSE",2013,31.17,937156
"Palestine","PSE",2014,32.47,947792
"Palestine","PSE",2015,31.61,956258
"Palestine","PSE",2016,32.28,962943
"Palestine","PSE",2017,33.04,966767
"Palestine","PSE",2018,33.18,969118
"Palestine","PSE",2019,32.65,973726
"Palestine","PSE",2020,33.65,983540
"Palestine","PSE",2021,31.18,998268
"Palestine","PSE",2022,28.18,1017217
"Panama","PAN",1997,25.41,549258
"Panama","PAN",2003,23.53,593191
"Panama","PAN",2008,22.04,627447
"Panama","PAN",2009,20.08,632370
"Panama","PAN",2010,20.89,637261
"Panama","PAN",2011,21.03,642360
"Panama","PAN",2012,17.59,647786
"Panama","PAN",2013,16.98,653590
"Panama","PAN",2014,18.76,659688
"Panama","PAN",2015,18.45,666079
"Panama","PAN",2016,17.09,673064
"Panama","PAN",2017,17.2,680556
"Panama","PAN",2018,16.38,688067
"Panama","PAN",2019,16.68,695612
"Panama","PAN",2020,18.74,702055
"Panama","PAN",2021,19.3,707105
"Panama","PAN",2022,17.56,712410
"Papua New Guinea","PNG",2010,35.5,1543346
"Paraguay","PRY",1998,23.78,939670
"Paraguay","PRY",1999,23.9,971926
"Paraguay","PRY",2001,21.45,1036305
"Paraguay","PRY",2002,25.03,1065229
"Paraguay","PRY",2003,21.85,1092631
"Paraguay","PRY",2004,20.57,1118466
"Paraguay","PRY",2005,18.88,1140849
"Paraguay","PRY",2006,19.19,1159075
"Paraguay","PRY",2007,19.56,1173630
"Paraguay","PRY",2008,17.55,1185102
"Paraguay","PRY",2009,18.01,1194355
"Paraguay","PRY",2010,19.5,1203836
"Paraguay","PRY",2011,16.91,1213682
"Paraguay","PRY",2012,16.02,1222200
"Paraguay","PRY",2013,14.58,1228443
"Paraguay","PRY",2014,16.83,1231908
"Paraguay","PRY",2015,17.45,1232349
"Paraguay","PRY",2016,18.57,1229059
"Paraguay","PRY",2017,18.59,1222029
"Peru","PER",2002,13.73,5465669
"Peru","PER",2003,20.32,5495124
"Peru","PER",2004,19.67,5517001
"Peru","PER",2005,23.99,5529913
"Peru","PER",2006,18.74,5533461
"Peru","PER",2007,16.99,5528697
"Peru","PER",2008,16.64,5503979
"Peru","PER",2009,16.08,5460561
"Peru","PER",2010,15.19,5415146
"Peru","PER",2011,15.83,5372586
"Peru","PER",2012,15.24,5334091
"Peru","PER",2013,16.33,5300485
"Peru","PER",2014,16.65,5278499
"Peru","PER",2015,18.59,5278080
"Peru","PER",2016,19.2,5307629
"Peru","PER",2017,17.35,5353476
"Peru","PER",2018,17.75,5434652
"Peru","PER",2019,16.87,5514950
"Peru","PER",2020,25.68,5556667
"Peru","PER",2021,22.7,5596679
"Philippines","PHL",2006,24.68,18277150
"Philippines","PHL",2007,25.03,18595774
"Philippines","PHL",2008,24.75,18882082
"Philippines","PHL",2009,24.81,19158580
"Philippines","PHL",2010,25.32,19513051
"Philippines","PHL",2011,24.42,19842013
"Philippines","PHL",2012,24.83,20154686
"Philippines","PHL",2013,24.3,20437714
"Philippines","PHL",2014,23.35,20655041
"Philippines","PHL",2015,22.84,20848163
"Philippines","PHL",2016,22.2,21017400
"Philippines","PHL",2017,21.7,21171174
"Philippines","PHL",2018,19.89,21285430
"Philippines","PHL",2019,18.76,21376810
"Philippines","PHL",2020,21.05,21499447
"Philippines","PHL",2021,17.47,21643411
"Poland","POL",2004,14.48,6324861
"Poland","POL",2005,13.91,6222441
"Poland","POL",2006,12.61,6108397
"Poland","POL",2007,10.59,5962724
"Poland","POL",2008,9.04,5769932
"Poland","POL",2009,10.11,5527143
"Poland","POL",2010,10.77,5341588
"Poland","POL",2011,11.5,5222051
"Poland","POL",2012,11.82,5061546
"Poland","POL",2013,12.21,4881314
"Poland","POL",2014,11.98,4704710
"Poland","POL",2015,10.99,4531892
"Poland","POL",2016,10.52,4363447
"Poland","POL",2017,9.48,4203835
"Poland","POL",2018,8.66,4057247
"Poland","POL",2019,8.13,3929364
"Poland","POL",2020,8.63,3826941
"Poland","POL",2021,11.2,3757498
"Portugal","PRT",2004,10.25,1326113
"Portugal","PRT",2005,11.09,1286640
"Portugal","PRT",2006,10.61,1252630
"Portugal","PRT",2007,11.16,1224500
"Portugal","PRT",2008,10.23,1199497
"Portugal","PRT",2009,11.2,1176949
"Portugal","PRT",2010,11.44,1158617
"Portugal","PRT",2011,12.55,1143822
"Portugal","PRT",2012,13.91,1129456
"Portugal","PRT",2013,14.07,1116062
"Portugal","PRT",2014,12.28,1107309
"Portugal","PRT",2015,11.27,1105511
"Portugal","PRT",2016,10.55,1101845
"Portugal","PRT",2017,9.34,1095615
"Portugal","PRT",2018,8.37,1091859
"Portugal","PRT",2019,8.02,1090585
"Portugal","PRT",2020,9.06,1091222
"Portugal","PRT",2021,7.61,1090513
"Romania","ROU",2003,19.33,3292104
"Romania","ROU",2004,18.84,3214945
"Romania","ROU",2005,16.8,3121271
"Romania","ROU",2006,14.77,3007989
"Romania","ROU",2007,13.31,2903902
"Romania","ROU",2008,11.57,2830861
"Romania","ROU",2009,13.94,2759252
"Romania","ROU",2010,16.61,2663631
"Romania","ROU",2011,17.47,2563325
"Romania","ROU",2012,16.81,2460934
"Romania","ROU",2013,16.96,2354832
"Romania","ROU",2014,17.01,2256247
"Romania","ROU",2015,18.08,2173780
"Romania","ROU",2016,17.38,2118176
"Romania","ROU",2017,15.15,2078280
"Romania","ROU",2018,14.52,2046012
"Romania","ROU",2019,14.66,2026281
"Romania","ROU",2020,14.75,2019948
"Romania","ROU",2021,18.02,2028692
"Russia","RUS",2009,14.08,21872201
"Russia","RUS",2010,14.21,21016969
"Russia","RUS",2011,12.69,20001187
"Russia","RUS",2012,11.99,18799391
"Russia","RUS",2013,11.82,17629591
"Russia","RUS",2014,12.03,16561122
"Russia","RUS",2015,12.03,15614021
"Russia","RUS",2016,12.41,14904231
"Rwanda","RWA",2014,5.16,2254861
"Rwanda","RWA",2017,25.59,2373734
"Rwanda","RWA",2018,26.3,2435085
"Rwanda","RWA",2019,28.55,2510135
"Rwanda","RWA",2020,26.14,2596155
"Rwanda","RWA",2021,29.05,2688579
"Saint Lucia","LCA",2017,33.76,31068
"Saint Lucia","LCA",2018,32.49,30425
"Saint Lucia","LCA",2019,29.94,29695
"Saint Lucia","LCA",2020,35.41,28893
"Saint Lucia","LCA",2021,39.2,28084
"Saint Lucia","LCA",2022,27.09,27358
"Samoa","WSM",2012,39.06,36343
"Samoa","WSM",2017,28.74,36406
"Saudi Arabia","SAU",2019,15.6,4452251
"Saudi Arabia","SAU",2020,20.32,4538170
"Saudi Arabia","SAU",2021,19.22,4640037
"Senegal","SEN",2015,36.26,2857744
"Senegal","SEN",2016,29.52,2960345
"Senegal","SEN",2017,35.52,3069801
"Senegal","SEN",2018,39.69,3185436
"Senegal","SEN",2019,33.9,3303793
"Serbia","SRB",2008,20.32,933135
"Serbia","SRB",2009,21.61,913118
"Serbia","SRB",2010,21.2,894217
"Serbia","SRB",2011,21.6,876467
"Serbia","SRB",2012,21.65,853986
"Serbia","SRB",2013,19.79,826999
"Serbia","SRB",2014,21,801915
"Serbia","SRB",2015,20.36,780089
"Serbia","SRB",2016,18.08,762356
"Serbia","SRB",2017,17.58,749383
"Serbia","SRB",2018,16.98,738173
"Serbia","SRB",2019,15.66,727080
"Serbia","SRB",2020,16.18,715687
"Serbia","SRB",2021,16.05,704464
"Seychelles","SYC",2019,21.82,16754
"Seychelles","SYC",2020,26.01,16438
"Sierra Leone","SLE",2003,21.13,992106
"Sierra Leone","SLE",2014,32.31,1371126
"Sierra Leone","SLE",2018,33.17,1544719
"Singapore","SGP",2013,3.7,1004652
"Singapore","SGP",2014,3.6,1010955
"Singapore","SGP",2015,3.6,1015577
"Singapore","SGP",2016,4.1,1015005
"Singapore","SGP",2017,4.5,1004120
"Singapore","SGP",2018,4.3,994259
"Singapore","SGP",2019,4.13,986372
"Singapore","SGP",2020,4.46,956714
"Singapore","SGP",2021,6.2,922705
"Slovakia","SVK",2003,19.97,889710
"Slovakia","SVK",2004,19.45,873382
"Slovakia","SVK",2005,16.86,857428
"Slovakia","SVK",2006,13.92,843716
"Slovakia","SVK",2007,11.63,828605
"Slovakia","SVK",2008,11.43,811804
"Slovakia","SVK",2009,12.96,791925
"Slovakia","SVK",2010,14.57,766906
"Slovakia","SVK",2011,14.31,740690
"Slovakia","SVK",2012,14.37,716509
"Slovakia","SVK",2013,14.26,693331
"Slovakia","SVK",2014,14.07,670490
"Slovakia","SVK",2015,13.97,647583
"Slovakia","SVK",2016,12.69,623228
"Slovakia","SVK",2017,12.33,599142
"Slovakia","SVK",2018,10.41,577394
"Slovakia","SVK",2019,10.48,561008
"Slovakia","SVK",2020,10.75,552194
"Slovakia","SVK",2021,11.08,545032
"Slovenia","SVN",2003,8,277258
"Slovenia","SVN",2004,7.73,271618
"Slovenia","SVN",2005,8.93,264877
"Slovenia","SVN",2006,8.52,258458
"Slovenia","SVN",2007,6.7,252742
"Slovenia","SVN",2008,6.5,246589
"Slovenia","SVN",2009,7.46,240414
"Slovenia","SVN",2010,7.11,233838
"Slovenia","SVN",2011,7.08,226586
"Slovenia","SVN",2012,9.28,219639
"Slovenia","SVN",2013,9.24,212210
"Slovenia","SVN",2014,9.42,205593
"Slovenia","SVN",2015,9.51,200926
"Slovenia","SVN",2016,8.03,197481
"Slovenia","SVN",2017,6.52,194969
"Slovenia","SVN",2018,6.62,194458
"Slovenia","SVN",2019,7.03,195804
"Slovenia","SVN",2020,7.68,199354
"Slovenia","SVN",2021,6.6,201008
"Solomon Islands","SLB",2013,7.04,110676
"Somalia","SOM",2019,43.73,3232563
"South Africa","ZAF",2000,31.79,9892283
"South Africa","ZAF",2001,34.65,10179933
"South Africa","ZAF",2002,35.69,10482592
"South Africa","ZAF",2003,36.58,10759423
"South Africa","ZAF",2004,35.39,10994885
"South Africa","ZAF",2005,34.42,11186082
"South Africa","ZAF",2006,33.38,11320777
"South Africa","ZAF",2007,32.63,11390534
"South Africa","ZAF",2013,30.34,10866213
"South Africa","ZAF",2014,29.93,10776141
"South Africa","ZAF",2015,28.97,10738798
"South Africa","ZAF",2016,29.31,10493860
"South Africa","ZAF",2017,28.88,10237056
"South Africa","ZAF",2018,29.6,10224012
"South Africa","ZAF",2019,30.57,10229430
"South Africa","ZAF",2020,29.88,10253989
"South Africa","ZAF",2021,30.6,10292684
"South Africa","ZAF",2022,32.92,10338524
"South Asia (WB)","",1994,38.4,NA
"South Asia (WB)","",2000,32.71,NA
"South Asia (WB)","",2004,26.13,NA
"South Asia (WB)","",2005,35.495632,NA
"South Asia (WB)","",2010,29.293587,NA
"South Asia (WB)","",2012,26.86,NA
"South Asia (WB)","",2018,30.75024,NA
"South Asia (WB)","",2019,30.863323,NA
"South Asia (WB)","",2020,31.261322,NA
"South Asia (WB)","",2021,29.873436,NA
"Spain","ESP",2003,11.69,5498530
"Spain","ESP",2004,11.76,5398845
"Spain","ESP",2005,12.96,5298906
"Spain","ESP",2006,11.83,5219030
"Spain","ESP",2007,12.03,5193252
"Spain","ESP",2008,14.25,5156628
"Spain","ESP",2009,18.09,5056597
"Spain","ESP",2010,17.81,4930447
"Spain","ESP",2011,18.25,4820850
"Spain","ESP",2012,18.6,4724776
"Spain","ESP",2013,18.63,4626772
"Spain","ESP",2014,17.14,4551986
"Spain","ESP",2015,15.64,4520178
"Spain","ESP",2016,14.62,4522481
"Spain","ESP",2017,13.32,4549282
"Spain","ESP",2018,12.45,4606500
"Spain","ESP",2019,12.13,4703760
"Spain","ESP",2020,13.88,4793029
"Spain","ESP",2021,10.97,4855479
"Sri Lanka","LKA",2010,26.68,3339045
"Sri Lanka","LKA",2011,26.52,3336839
"Sri Lanka","LKA",2013,27.46,3346528
"Sri Lanka","LKA",2014,28.8,3352269
"Sri Lanka","LKA",2015,26.63,3358536
"Sri Lanka","LKA",2016,27.09,3367673
"Sri Lanka","LKA",2017,24.72,3379198
"Sri Lanka","LKA",2018,24.18,3390905
"Sri Lanka","LKA",2019,21.21,3404033
"Sri Lanka","LKA",2020,21.51,3419897
"Sudan","SDN",2011,33.09,7201766
"Suriname","SUR",2016,18.19,103376
"Sweden","SWE",2003,6.51,1061273
"Sweden","SWE",2004,7.88,1085164
"Sweden","SWE",2005,14.16,1111329
"Sweden","SWE",2006,9.34,1143477
"Sweden","SWE",2007,7.48,1177935
"Sweden","SWE",2008,7.82,1208158
"Sweden","SWE",2009,9.6,1232876
"Sweden","SWE",2010,7.67,1247320
"Sweden","SWE",2011,7.53,1246942
"Sweden","SWE",2012,7.83,1237517
"Sweden","SWE",2013,7.44,1223684
"Sweden","SWE",2014,7.16,1207177
"Sweden","SWE",2015,6.72,1188852
"Sweden","SWE",2016,6.48,1174362
"Sweden","SWE",2017,6.15,1165778
"Sweden","SWE",2018,6.02,1159435
"Sweden","SWE",2019,5.48,1156860
"Sweden","SWE",2020,6.46,1156324
"Sweden","SWE",2021,5.07,1162620
"Switzerland","CHE",1991,9.33,916849
"Switzerland","CHE",1992,8.8,897055
"Switzerland","CHE",1993,9.95,878254
"Switzerland","CHE",1994,11.12,861309
"Switzerland","CHE",1995,10.35,848612
"Switzerland","CHE",1996,6.21,837227
"Switzerland","CHE",1997,6.69,827509
"Switzerland","CHE",1998,6.53,823302
"Switzerland","CHE",1999,6.22,824543
"Switzerland","CHE",2000,5.76,830030
"Switzerland","CHE",2001,6.24,838721
"Switzerland","CHE",2002,6.7,848391
"Switzerland","CHE",2003,8.63,858864
"Switzerland","CHE",2004,7.98,869895
"Switzerland","CHE",2005,8.67,879342
"Switzerland","CHE",2006,8.57,888278
"Switzerland","CHE",2007,7.86,899603
"Switzerland","CHE",2008,8.03,913066
"Switzerland","CHE",2009,8.44,922770
"Switzerland","CHE",2010,8.45,931173
"Switzerland","CHE",2011,7.91,938039
"Switzerland","CHE",2012,8.8,940135
"Switzerland","CHE",2013,9.58,940480
"Switzerland","CHE",2014,9.11,938622
"Switzerland","CHE",2015,9.35,935906
"Switzerland","CHE",2016,8.67,933364
"Switzerland","CHE",2017,8.13,926058
"Switzerland","CHE",2018,7.93,914633
"Switzerland","CHE",2019,7.71,905452
"Switzerland","CHE",2020,8.62,899981
"Switzerland","CHE",2021,9.89,896516
"Tajikistan","TJK",2003,31.91,1427938
"Tajikistan","TJK",2007,38.32,1619107
"Tajikistan","TJK",2009,42.2,1678385
"Tanzania","TZA",2001,12.15,7254459
"Tanzania","TZA",2005,9.01,7895658
"Tanzania","TZA",2006,9.01,8068746
"Tanzania","TZA",2010,14.87,8778464
"Tanzania","TZA",2012,10.94,9335852
"Tanzania","TZA",2014,14.93,9984075
"Tanzania","TZA",2020,14.35,12329260
"Thailand","THA",2000,10.44,10717747
"Thailand","THA",2007,10.15,10385110
"Thailand","THA",2009,13.71,10165800
"Thailand","THA",2010,12.52,10135053
"Thailand","THA",2011,12.55,10176161
"Thailand","THA",2012,12.85,10231488
"Thailand","THA",2013,14.37,10249060
"Thailand","THA",2014,13.32,10205748
"Thailand","THA",2015,13.59,10121072
"Thailand","THA",2016,14.97,10037439
"Thailand","THA",2017,15.59,9955072
"Thailand","THA",2018,14.78,9848848
"Thailand","THA",2019,14.88,9725711
"Thailand","THA",2020,15.13,9583036
"Thailand","THA",2021,14.75,9401581
"Togo","TGO",2006,9.81,1202505
"Togo","TGO",2011,11.23,1344583
"Togo","TGO",2015,17.76,1457996
"Togo","TGO",2017,25.08,1527031
"Tonga","TON",2018,27.92,19738
"Tonga","TON",2021,18.68,20132
"Trinidad and Tobago","TTO",2013,52.05,212331
"Trinidad and Tobago","TTO",2019,14.61,193974
"Trinidad and Tobago","TTO",2020,17.06,188450
"Trinidad and Tobago","TTO",2021,15.46,187948
"Tunisia","TUN",2010,25.23,2006776
"Tunisia","TUN",2014,31.5,1862017
"Turkey","TUR",2000,39.65,12924087
"Turkey","TUR",2001,40.43,12995734
"Turkey","TUR",2002,41.14,13020444
"Turkey","TUR",2003,41.4,12989346
"Turkey","TUR",2004,42.56,12903037
"Turkey","TUR",2005,42.56,12772721
"Turkey","TUR",2006,38.55,12619403
"Turkey","TUR",2007,39.22,12469068
"Turkey","TUR",2008,37.02,12404101
"Turkey","TUR",2009,34.94,12431015
"Turkey","TUR",2010,32.29,12479817
"Turkey","TUR",2011,29.56,12541478
"Turkey","TUR",2012,28.72,12645542
"Turkey","TUR",2013,25.53,12815135
"Turkey","TUR",2014,24.79,13094551
"Turkey","TUR",2015,23.89,13437436
"Turkey","TUR",2016,23.95,13625879
"Turkey","TUR",2017,24.18,13703584
"Turkey","TUR",2018,24.41,13711327
"Turkey","TUR",2019,26.02,13620241
"Turkey","TUR",2020,28.32,13538970
"Turkey","TUR",2021,24.75,13482479
"Tuvalu","TUV",2016,34.26,2011
"Tuvalu","TUV",2017,45.54,1969
"Uganda","UGA",2009,6.95,6512775
"Uganda","UGA",2012,14.53,7276039
"Uganda","UGA",2013,5.91,7526778
"Uganda","UGA",2017,19.2,8767705
"Uganda","UGA",2021,13.8,10064272
"Ukraine","UKR",2014,19.98,5306720
"Ukraine","UKR",2015,17.63,4986130
"Ukraine","UKR",2016,18.26,4700827
"Ukraine","UKR",2017,16.47,4458458
"United Arab Emirates","ARE",2021,10.72,1370624
"United Kingdom","GBR",2004,5.45,7742305
"United Kingdom","GBR",2005,8.42,7853709
"United Kingdom","GBR",2006,8.55,7961975
"United Kingdom","GBR",2007,11.9,8061187
"United Kingdom","GBR",2008,12.09,8119388
"United Kingdom","GBR",2009,13.22,8148427
"United Kingdom","GBR",2010,13.62,8167687
"United Kingdom","GBR",2011,14.24,8183007
"United Kingdom","GBR",2012,13.88,8181666
"United Kingdom","GBR",2013,13.24,8197731
"United Kingdom","GBR",2014,11.86,8207552
"United Kingdom","GBR",2015,11.05,8163543
"United Kingdom","GBR",2016,10.89,8090253
"United Kingdom","GBR",2017,10.31,8001051
"United Kingdom","GBR",2018,10.45,7936696
"United Kingdom","GBR",2019,10.52,7912033
"United States","USA",1994,15.29,36778746
"United States","USA",1995,15.03,36936606
"United States","USA",1996,14.37,37146414
"United States","USA",1997,13.38,37592952
"United States","USA",1998,12.66,38255798
"United States","USA",1999,12.47,38959086
"United States","USA",2000,12.39,39698848
"United States","USA",2001,12.94,40403232
"United States","USA",2002,13.43,40963546
"United States","USA",2003,13.61,41495717
"United States","USA",2004,13.14,42026119
"United States","USA",2005,13.15,42551010
"United States","USA",2006,12.46,43049314
"United States","USA",2007,12.29,43443341
"United States","USA",2008,13.03,43757795
"United States","USA",2009,15.03,44002691
"United States","USA",2010,15.23,44166681
"United States","USA",2011,14.41,44268482
"United States","USA",2012,13.91,44306001
"United States","USA",2013,14.38,44288957
"United States","USA",2014,13.39,44223820
"United States","USA",2015,12.44,44122236
"United States","USA",2016,12.02,44051595
"United States","USA",2017,10.97,44045408
"United States","USA",2018,10.92,44125344
"United States","USA",2019,10.41,44315459
"United States","USA",2020,13.89,44418928
"United States","USA",2021,12.2,44504683
"United States","USA",2022,11.24,44751377
"Uruguay","URY",1998,20.85,515375
"Uruguay","URY",1999,21.41,512762
"Uruguay","URY",2000,22.99,507989
"Uruguay","URY",2001,21.1,502006
"Uruguay","URY",2002,22.47,496813
"Uruguay","URY",2003,22.01,493567
"Uruguay","URY",2004,19.66,492544
"Uruguay","URY",2005,19.25,493044
"Uruguay","URY",2006,20.55,494516
"Uruguay","URY",2007,19.66,497041
"Uruguay","URY",2008,18.79,500051
"Uruguay","URY",2009,17.85,503706
"Uruguay","URY",2010,18.12,507651
"Uruguay","URY",2011,17.16,510981
"Uruguay","URY",2012,17.73,513191
"Uruguay","URY",2013,18.04,513787
"Uruguay","URY",2014,18.15,513203
"Uruguay","URY",2015,18.73,511876
"Uruguay","URY",2016,18.68,509760
"Uruguay","URY",2017,17.87,507304
"Uruguay","URY",2018,17.95,504210
"Uruguay","URY",2019,17.58,499810
"Uruguay","URY",2021,14.92,490280
"Uruguay","URY",2022,14.26,485350
"Vanuatu","VUT",2006,24.24,44893
"Vanuatu","VUT",2009,26.33,48269
"Vanuatu","VUT",2010,31.85,49113
"Vanuatu","VUT",2019,34.5,51137
"Vanuatu","VUT",2020,47.53,51787
"Venezuela","VEN",2005,25.5,5165556
"Venezuela","VEN",2006,24.45,5226356
"Venezuela","VEN",2007,23.39,5279649
"Venezuela","VEN",2008,23.49,5324647
"Venezuela","VEN",2009,20.85,5361300
"Venezuela","VEN",2010,18.8,5391924
"Venezuela","VEN",2011,18.91,5414778
"Venezuela","VEN",2012,19.63,5430358
"Venezuela","VEN",2016,20.25,5430019
"Venezuela","VEN",2017,22.85,5301472
"Venezuela","VEN",2020,37.13,4679164
"Vietnam","VNM",2007,10.67,17005917
"Vietnam","VNM",2009,10.27,16988078
"Vietnam","VNM",2010,8.24,16898094
"Vietnam","VNM",2011,8.29,16803948
"Vietnam","VNM",2012,9.84,16659499
"Vietnam","VNM",2013,10.58,16403930
"Vietnam","VNM",2014,10.54,16077827
"Vietnam","VNM",2015,10.99,15717636
"Vietnam","VNM",2016,10.92,15123018
"Vietnam","VNM",2017,11.12,14339401
"Vietnam","VNM",2018,10.09,13706138
"Vietnam","VNM",2019,13.24,13360469
"Vietnam","VNM",2020,14.18,13209836
"Vietnam","VNM",2021,14.93,13167913
"Vietnam","VNM",2022,11.32,13268413
"Yemen","YEM",2014,44.77,6559005
"Zambia","ZMB",2008,12.94,2714384
"Zambia","ZMB",2017,42.83,3522417
"Zambia","ZMB",2018,32.83,3633781
"Zambia","ZMB",2019,32.54,3749772
"Zambia","ZMB",2020,31.05,3871836
"Zambia","ZMB",2021,31.36,4000177
"Zimbabwe","ZWE",2011,17.26,2707173
"Zimbabwe","ZWE",2014,16.56,2671712
"Zimbabwe","ZWE",2019,29.37,2978535
"Zimbabwe","ZWE",2021,30.43,3185913
